name,source,gender,wikidata,type
Aandenkooi,wikidata,,Q20675,way
"Acht Zaligheden",wikidata,,Q51643,way
Artoisstraat,wikidata,,Q159987,way
Augustijnenrei,wikidata,,Q2283106,way
Azorenstraat,wikidata,,Q25263,way
Bareelweg,wikidata,,Q852010,way
Bastenakenstraat,wikidata,,Q34021,way
Beekweg,wikidata,,Q63565252,way
Beenhouwersstraat,wikidata,,Q329737,way
Begoniastraat,wikidata,,Q158617,way
Berkenpad,wikidata,,Q25243,way
Berkenstraat,wikidata,,Q25243,way
Biekorfstraat,wikidata,,Q165107,way
"Blankenbergse Dijk",wikidata,,Q2648030,way
"Blankenbergse Dijk Zuid",wikidata,,Q2648030,way
"Blankenbergse Steenweg",wikidata,,Q328104,way
Boomkorstraat,wikidata,,Q811598,way
Bosstraat,wikidata,,Q4421,way
Bremlaan,wikidata,,Q145781,way
"Brugse Steenweg",wikidata,,Q12994,way
Brugse-Mettenstraat,wikidata,,Q850188,way
Brugsesteenweg,wikidata,,Q12994,way
Brusselstraat,wikidata,,Q239,way
Canadaplein,wikidata,,Q16,way
Canadastraat,wikidata,,Q16,way
Canadezenstraat,wikidata,,Q1196645,way
Cuwaertpad,wikidata,,Q505194,way
"De Klokke-Noord",wikidata,,Q2650907,way
"De Klokke-Zuid",wikidata,,Q2650907,way
Dennenhof,wikidata,,Q101680,way
"Diksmuidse Heerweg",wikidata,,Q194029;Q215244,way
Doggerstraat,wikidata,,Q2353279,way
Dopheidestraat,wikidata,,Q206998,way
Egelpad,wikidata,,Q6145,way
Eikenlaan,wikidata,,Q12004,way
Elf-Julistraat,wikidata,,Q277589,way
Elzenstraat,wikidata,,Q25239,way
Emmaüslaan,wikidata,,Q989437,way
Engelandstraat,wikidata,,Q21,way
Engelsestraat,wikidata,,Q21,way
Eriestraat,wikidata,,Q5492,way
Esdoornstraat,wikidata,,Q42292,way
Esperantostraat,wikidata,,Q143,way
Fazantenlaan,wikidata,,Q26375,way
Fonteinstraat,wikidata,,Q2560590,way
Gagelstraat,wikidata,,Q161681,way
Galeistraat,wikidata,,Q188924,way
Ganzenpad,wikidata,,Q82562,way
Geldmuntstraat,wikidata,,Q464780,way
Genuastraat,wikidata,,Q1449,way
Gieterijstraat,wikidata,,Q3027462,way
"Gistelse Steenweg",wikidata,,Q815948,way
"Golf van Biskajestraat",wikidata,,Q41573,way
Goudenregenstraat,wikidata,,Q147939,way
"Graaf Jansdijk",wikidata,,Q3027864,way
"Graaf Pierre de Brieylaan",wikidata,,Q112178945,way
Groenestraat,wikidata,,,way
Groenlandstraat,wikidata,,Q223,way
Gruuthusestraat,wikidata,,Q2012173,way
Gulden-Vlieslaan,wikidata,,Q465774,way
Hamiltonpark,wikidata,,Q3455451,way
Harwichstraat,wikidata,,Q990616,way
Hazelaarsstraat,wikidata,,Q124969,way
Heidelaan,wikidata,,Q27590,way
Hullstraat,wikidata,,Q128147,way
IJslandstraat,wikidata,,Q189,way
"Ierse Zeestraat",wikidata,,Q41735,way
Jachthoornlaan,wikidata,,Q1678302,way
Jakobinessenstraat,wikidata,,Q2061186,way
Jeruzalemstraat,wikidata,,Q240807,way
Jezuïtengoed,wikidata,,Q36380,way
Kapelstraat,wikidata,,Q108325,way
Karveelstraat,wikidata,,Q169560,way
Kastanjeboomstraat,wikidata,,Q129324,way
Kasteelgeleed,wikidata,,Q751876,way
Katelijnestraat,wikidata,,Q2350902,way
Kattegatstraat,wikidata,,Q131716,way
Kerselarenstraat,wikidata,,Q62474322,way
Kielstraat,wikidata,,Q582062,way
Kiwiweg,wikidata,,Q13194,way
Klaverstraat,wikidata,,Q108941442,way
"Kleine Rijselstraat",wikidata,,Q648,way
Klippestraat,wikidata,,Q107679,way
Knotwilgenlaan,wikidata,,Q1371601,way
Koffieweg,wikidata,,Q156354,way
Koggenstraat,wikidata,,Q164057,way
Kolenkaai,wikidata,,Q24489,way
"Korte Eriestraat",wikidata,,Q5492,way
"Korte Sint-Annastraat",wikidata,,Q2555698,way
Kotterstraat,wikidata,,Q683363,way
Kraakstraat,wikidata,,Q220635,way
Laconiastraat,wikidata,,Q993431,way
Langestraat,wikidata,,,way
Lauwerstraat,wikidata,,Q19963838,way
Leeuwenbrug,wikidata,,Q2878057,way
Leeuwentandstraat,wikidata,,Q27909,way
Leeuwstraat,wikidata,,Q2878057,way
Leiselebeekstraat,wikidata,,Q2609110,way
Leiselestraat,wikidata,,Q2609110,way
Lissewegestraat,wikidata,,Q1924402,way
Londenstraat,wikidata,,Q84,way
Manitobalaan,wikidata,,Q4548865,way
Meiboomlaan,wikidata,,Q76574,way
Meidoornstraat,wikidata,,Q132557,way
Mezenstraat,wikidata,,Q168473,way
Molenaarsstraat,wikidata,,Q694116,way
Molengeleed,wikidata,,Q44494,way
Molensteenstraat,wikidata,,Q670985,way
"North Sea / Nordsee / Noordzee / Nordsøen / Nordsjøen / Mer du Nord",wikidata,,Q659;Q679;Q22633,relation
Notelarendreef,wikidata,,Q46871,way
"Oostendse Steenweg",wikidata,,Q12996,way
Paardenmarktstraat,wikidata,,Q2179123,way
Palingstraat,wikidata,,Q26387,way
Papenplein,wikidata,,Q2340840,way
Papenweg,wikidata,,Q2340840,way
Pathoekeweg,wikidata,,Q59506748,way
Patrijzenweg,wikidata,,Q26375,way
Peperstraat,wikidata,,Q37516849,way
Pleinstraat,wikidata,,Q174782,way
Pluvierstraat,wikidata,,Q28449,way
Poelweg,wikidata,,Q152841,way
Riekstraat,wikidata,,Q107293,way
Rijselstraat,wikidata,,Q648,way
"Rode Beukendreef",wikidata,,Q886511,way
"Rode Kruisstraat",wikidata,,Q7178,way
Rouaanstraat,wikidata,,Q30974,way
Rozenpad,wikidata,,Q34687,way
Rozenstraat,wikidata,,Q34687,way
Schoffelstraat,wikidata,,Q14031369,way
Scholeksterstraat,wikidata,,Q25928,way
Sentillenhof,wikidata,,Q156099;Q624114;Q2693423,way
Sint-Annakerkstraat,wikidata,,Q2555698,way
Sint-Annaplein,wikidata,,Q2555698;Q164294,way
Sint-Jansdreef,wikidata,,Q924932,way
Sint-Michielslaan,wikidata,,Q45581,way
Sint-Paulusstraat,wikidata,,Q56641568,way
Sint-Pietersgroenestraat,wikidata,,Q2490578,way
Sint-Pieterskerklaan,wikidata,,Q2490578,way
Sint-Pietersnoordstraat,wikidata,,Q2490578,way
Sint-Pietersplein,wikidata,,Q2490578,way
Sint-Pieterszuidstraat,wikidata,,Q2490578,way
Sint-Salvatorskoorstraat,wikidata,,Q1378149,way
Skagerrakstraat,wikidata,,Q1695,way
Slachthuisstraat,wikidata,,Q385557,way
Sontstraat,wikidata,,Q104662,way
Spinnerijpad,wikidata,,Q19915295,way
Stormvogelstraat,wikidata,,Q3092053,way
Tapuitstraat,wikidata,,Q26420,way
Theresianenstraat,wikidata,,Q25682304,way
"Tien Geboden",wikidata,,Q34623,way
"Tijl Uilenspiegelstraat",wikidata,,Q164083,way
Torentje,wikidata,,Q12518,way
"Torhoutse Steenweg",wikidata,,Q270633,way
Tramstraat,wikidata,,Q3407658,way
Treurwilgenweg,wikidata,,Q156307,way
Tulpenstraat,wikidata,,Q93201,way
Vaartstraat,wikidata,,Q12284,way
Veemarktstraat,wikidata,,Q13592976,way
Velodroomstraat,wikidata,,Q830528,way
Viaductstraat,wikidata,,Q181348,way
Vijversdreef,wikidata,,Q56441950,way
Vindictivestraat,wikidata,,Q1565676,way
Vlierstraat,wikidata,,Q131448,way
Vogelkersstraat,wikidata,,Q165424,way
Wilgenstraat,wikidata,,Q158487,way
Willemijnendreef,wikidata,,Q2004943,way
Wulfhagestraat,wikidata,,Q36050;Q235779,way
Zandwege,wikidata,,Q34679,way
Zeezwaluwstraat,wikidata,,Q83640317,way
Zeggestraat,wikidata,,Q158501,way
Zeveneke,wikidata,,Q33036816,way
Zevensterrestraat,wikidata,,Q13423,way
Zeventorensstraat,wikidata,,Q57076109,way
Zwaluwenstraat,wikidata,,Q39861,way
's-Gravenstraat,,,,way
"'s-Heer Boudewijnburg",,,,way
"'s-Heer Boudewijnsburg",,,,way
"'t Groeneveld",,,,way
"'t Groenhof",,,,way
"'t Hoge",,,,way
"'t Kloosterhof",,,,way
"'t Leitje",,,,way
"'t Pand",,,,way
"'t Speelhof",,,,way
"'t Veld",,,,way
"'t Zand",,,,relation+way
"'t Zweerd",,,,way
18-Oktoberstraat,,,,way
"A.J. Witteryckstraat",,,,way
Aanborgersstraat,,,,way
Aardenburgseweg,,,,way
Abdijbekepark,,,,way
Abdijbekestraat,,,,way
Abdijenroute,,,,way
Abelendreef,,,,way
Academiestraat,,,,way
Akkerstraat,,,,way
"Albert II-laan",,,,way
"Alfred Ronsestraat",,,,way
Altebijstraat,,,,way
Altenastraat,,,,way
Amazonedreef,,,,way
Amazonestraat,,,,way
"André Van Wassenhovestraat",,,,way
Anjerstraat,,,,way
Ankerplein,,,,way
Annuntiatenstraat,,,,way
"Anselm de Boodtstraat",,,,way
"Antoinette Grosséstraat",,,,way
"Antonis de Rooverestraat",,,,way
"Antoon Verhulststraat",,,,way
"Antoon de Lensstraat",,,,way
"Anwerpse Heerweg",,,,way
Appelstraat,,,,way
Appelzakstraat,,,,way
Arendstraat,,,,way
Arsenaalstraat,,,,way
Artemislaan,,,,way
"Arthur Vierendeelweg",,,,way
Assebroeklaan,,,,way
Assestraat,,,,way
"August Bontestraat",,,,way
Autobaan,,,,way
Avignonlaan,,,,way
Azalealaan,,,,way
Aziëstraat,,,,way
Azijnstraat,,,,way
Baanderheerstraat,,,,way
Babbaertstraat,,,,way
"Bachten Beukenbos",,,,way
Bakkersstraat,,,,way
Baliestraat,,,,way
Baljuwlaan,,,,way
Balkonrotonde,,,,way
Balsemboomstraat,,,,way
Balstraat,,,,way
Bapaumestraat,,,,way
Bargebrug,,,,way
Bargeweg,,,,way
Barlenhuisstraat,,,,way
"Baron De Maerelaan",,,,way
Barrierestraat,,,,way
Barthelstraat,,,,way
Bataviastraat,,,,way
Beaucourtstraat,,,,way
Beaupréstraat,,,,way
Beeldenmakersstraat,,,,way
Beeweg,,,,way
Begijnenvest,,,,way
Begijnhof,,,,way
Beisbroekdreef,,,,way
Benedictijnenstraat,,,,way
Berenwegel,,,,way
Bergjesbos,,,,way
Betferkerklaan,,,,way
Beukemarestraat,,,,way
Beukenboslaan,,,,way
Beukendreef,,,,way
Beukenlaan,,,,way
Beursplein,,,,way
Beverhoutstraat,,,,way
Bevrijdingslaan,,,,way
Biddersstraat,,,,way
Biezenbos,,,,way
Biezenstraat,,,,way
Bilkske,,,,way
Binnenhof,,,,way
Binnenweg,,,,way
Biskajersplein,,,,way
Bisschopsdreef,,,,way
"Blauwe Poort",,,,way
Blauwe-Torenstraat,,,,way
Blauwetorenstraat,,,,way
Blauwezaalhoek,,,,way
Blauwhuisstraat,,,,way
Blauwkasteelweg,,,,way
Blauwvoetstraat,,,,way
Blekerijstraat,,,,way
Blekersstraat,,,,way
Blekkaard,,,,way
Blekkaardwegel,,,,way
Blijdenburg,,,,way
Blinde-Ezelstraat,,,,way
Bloemendalestraat,,,,way
Bloemenstraat,,,,way
Blokschepenstraat,,,,way
Blokstraat,,,,way
Boekhoutestraat,,,,way
Boeveriestraat,,,,way
Bollaardstraat,,,,way
Bommelbekestraat,,,,way
Bonifaciusbrug,,,,way
Boninvest,,,,way
Bonkelaarstraat,,,,way
Bontepoortstraat,,,,way
Boogschutterslaan,,,,way
Boomgaardstraat,,,,way
Boomkwekersstraat,,,,way
Boompieperstraat,,,,way
"Bos en Lommer",,,,way
Bosdreef,,,,way
Bosduifdreef,,,,way
Bossiersgoed,,,,way
Bossuytlaan,,,,way
Bosweg,,,,way
Boterbekeweg,,,,way
Boterhuis,,,,way
Bouchoutelaan,,,,way
"Boudewijn Ostenstraat",,,,way
"Boudewijn Ravestraat",,,,way
Braambergstraat,,,,way
Braambos-Oost,,,,way
Braambos-West,,,,way
Brandstraat,,,,way
Breeweg,,,,way
Breidelstraat,,,,way
Brieversweg,,,,way
"Britse Kaai",,,,way
Broekweg,,,,way
Brouwerijstraat,,,,way
Brugeoisestraat,,,,way
Brugge-Centrum,,,,relation
Bruggestraat,,,,way
Brugs-Kerkhofstraat,,,,way
"Buiten Begijnevest",,,,way
"Buiten Boeverievest",,,,way
"Buiten Boninvest",,,,way
"Buiten Gentpoortvest",,,,way
"Buiten Katelijnevest",,,,way
"Buiten Kazernevest",,,,way
"Buiten Kruisvest",,,,way
"Buiten Smedenpoort",,,,way
"Buiten Smedenvest",,,,way
"Buiten de Dampoort",,,,way
"Buiten de Kruispoort",,,,way
"Buiten de Smedenpoort",,,,way
Burg,,,,way
"Burggraaf de Nieulantlaan",,,,way
Burggraafstraat,,,,way
Burgstraat,,,,way
Calvariebergstraat,,,,way
"Camiel Van den Busschestraat",,,,way
"Camille van de Walle de Ghelckestraat",,,,way
Canadaring,,,,way
Carmersbrug,,,,way
Carmersstraat,,,,way
"Caroline Poppstraat",,,,way
Casenbrootlaan,,,,way
Cattoorsmolenstraat,,,,way
Caxtonweg,,,,way
Chantrellstraat,,,,way
Chartreuseweg,,,,way
Chrysantenstraat,,,,way
Colettijnenhof,,,,way
Colettijnenstraat,,,,way
Collegestraat,,,,way
Conzettbrug,,,,way
Cordoeaniersstraat,,,,way
Coupure,,,,way
Coupurebrug,,,,way
Craneveltweg,,,,way
Dambrug,,,,way
Dampoortstraat,,,,way
"Damse Steenweg",,,,way
"Damse Vaart",,,,way
"Damse Vaart-Zuid",,,,way
"Damse Wegel",,,,way
Daveluystraat,,,,way
Daverlostraat,,,,way
"De Garre",,,,way
"De Linde",,,,way
"De Maleingreaustraat",,,,way
"De Meersen",,,,way
"De Mote",,,,way
"De Munte",,,,way
"De Paallanden",,,,way
"De Prange Weidedreef",,,,way
"De Stropersgracht",,,,way
"De Tuintjes",,,,way
"De Twaalf Gemeten",,,,way
"De Vijf Lijnen",,,,way
"De Vispaander",,,,way
"De Watermolen",,,,way
"De Waterwilgen",,,,way
Dekenstraat,,,,way
Dhoorestraat,,,,way
Diamantslijpersstraat,,,,way
Dianadreef,,,,way
Dijver,,,,way
"Dikke Berthaweg",,,,way
Diksmuidestraat,,,,way
"Diksmuidse Heirweg",,,,way
Disbos,,,,way
Distelstraat,,,,way
Distelvinkstraat,,,,way
"Dokter Zamenhoflaan",,,,way
Dokwerkersstraat,,,,way
Domeindreef,,,,way
Doolhofweg,,,,way
Doornhut,,,,way
Doornstraat,,,,way
Doornweg,,,,way
Dorotheastraat,,,,way
Dorpsmolenstraat,,,,way
Dorpsplein,,,,way
Dorpsstraat,,,,way
Doverlaan,,,,way
"Dreef ter Panne",,,,way
"Drie Musketiersweg",,,,way
Driebrouwersstraat,,,,way
Driekoningenweg,,,,way
Driekroezenstraat,,,,way
Drieluikstraat,,,,way
Dries,,,,way
Driezwanenstraat,,,,way
Drukkersstraat,,,,way
Dubbelsingel,,,,way
"Dudzeels Neerhof",,,,way
"Dudzeels Opperhof",,,,way
"Dudzeelse Brug",,,,way
"Dudzeelse Steenweg",,,,way
Duinenabdijstraat,,,,way
Duinenbrug,,,,way
Duinpad,,,,way
Duivenkete,,,,way
Duivenplein,,,,way
Duivenslagstraat,,,,way
Duiventorenstraat,,,,way
Dulleweg,,,,way
Dwarsstraat,,,,way
Dweersstraat,,,,way
Edestraat,,,,way
"Edgard De Smedtplantsoen",,,,way
"Edward De Jansstraat",,,,way
"Edward Joossensplein",,,,way
Eekhoutpoort,,,,way
Eekhoutstraat,,,,way
Eendenweg,,,,way
"Egied Strubbestraat",,,,way
Eiensluisstraat,,,,way
Eiermarkt,,,,way
"Eigen Heerd",,,,way
"Eigen Heerdlaan",,,,way
Eikenberg,,,,way
Eikvarenstraat,,,,way
Eiland,,,,way
Elizabetlaan,,,,way
Elvoordestraat,,,,way
"Emmanuel De Cloedtweg",,,,way
Engelendalelaan,,,,way
Engelstraat,,,,way
Errembaultstraat,,,,way
Espendreef,,,,way
Essenboomstraat,,,,way
"Eugeen van Oyestraat",,,,way
Europastraat,,,,way
Evendijk-Oost,,,,way
Evendijk-West,,,,way
"Evert van 't Padstraat",,,,way
Expressweg,,,,way
Ezelpoort,,,,way
Ezelstraat,,,,way
Fazantendreef,,,,way
"Ferry de Grosstraat",,,,way
Feverystraat,,,,way
"Finse Piste",,,,way
Foerierstraat,,,,way
Fonteinbrug,,,,way
Forestiersstraat,,,,way
"Fort Lapin",,,,way
"Fort Zevenbergen",,,,way
Fortbekeweg,,,,way
Fortstraat,,,,way
Fortuinstraat,,,,way
"Frederik Sanderpark",,,,way
"Freren Fonteinstraat",,,,way
Gaarlemstraat,,,,way
Galbertuslaan,,,,way
Gambrinusstraat,,,,way
Gandhiplein,,,,way
Ganzenplein,,,,way
Ganzenstraat,,,,way
Ganzestraat,,,,way
Gapaardstraat,,,,way
Garenmarkt,,,,way
Garsoenstraat,,,,way
"Gaston Roelandtsplein",,,,way
"Gaston Roelandtsstraat",,,,way
"Gebroeders Marreytstraat",,,,way
Geernaartstraat,,,,way
Geerolfstraat,,,,way
Geervelde,,,,way
Geerwijnstraat,,,,way
"Gemene Weidestraat",,,,way
"Gemene Weideweg Zuid",,,,way
Gemeneweidebeekpad,,,,way
Gemeneweideweg-Noord,,,,way
Gemeneweideweg-Zuid,,,,way
Genadedal,,,,way
"Generaal Naessens de Lincolnlaan",,,,way
"Generaal Naessens de Loncinlaan",,,,way
Gentele,,,,way
Gentelebrug,,,,way
Genthof,,,,way
Gentiaanstraat,,,,way
Gentpoortstraat,,,,way
Gentpoortvest,,,,way
Geralaan,,,,way
"Gerard Franchoostraat",,,,way
Gevangenisstraat,,,,way
Gijzeleweg,,,,way
Gildenhofstraat,,,,way
Gistelsteenweg,,,,way
Giststraat,,,,way
Glanshaverstraat,,,,way
Gloribusstraat,,,,way
"Godshuis Spanoghe",,,,way
Goedmoedstraat,,,,way
Goezeputstraat,,,,way
Gotevlietstraat,,,,way
Gotje,,,,way
"Gouden Boomstraat",,,,way
"Gouden Handbrug",,,,way
Gouden-Handrei,,,,way
Gouden-Handstraat,,,,way
Goudsbloemlaan,,,,way
Goudsmedenstraat,,,,way
Grasdreef,,,,way
Grauwwerkersstraat,,,,way
Greinschuurstraat,,,,way
Groendijk,,,,way
Groene-Poortdreef,,,,way
Groenerei,,,,way
Groenewijk,,,,way
Groeninge,,,,way
Groeningebrug,,,,way
"Groot Ter Doest",,,,way
"Grote Ede",,,,way
"Grote Moerstraat",,,,way
"Grote Thems",,,,way
Gruitstraat,,,,way
Gruttostraat,,,,way
Gulden-Peerdenstraat,,,,way
"Gustaaf Vermeerschstraat",,,,way
"Gustave Van Nieuwenhuysestraat",,,,way
Haanstraat,,,,way
Haarakkerstraat,,,,way
Hadewijchstraat,,,,way
Hagedoornlaan,,,,way
Hallen,,,,way
Hallestraat,,,,way
Hauwerstraat,,,,way
Havenrandweg-Zuid,,,,way
Havenstraat,,,,way
Havikskruidstraat,,,,way
Hazenpad,,,,way
Hazenpootstraat,,,,way
Heesterlaan,,,,way
Heidelbergstraat,,,,way
Heideroosstraat,,,,way
Heilige-Geeststraat,,,,way
Heiststraat,,,,way
Helmstraat,,,,way
Hemelbeekstraat,,,,way
Hemelrijk,,,,way
Herautlaan,,,,way
Herdersbruggestraat,,,,way
Herfstlaan,,,,way
Hertogenstraat,,,,way
Hertsbergestraat,,,,way
Hertsvelde,,,,way
Hertsvelde-West,,,,way
"Het Brembos",,,,way
"Hilaire Couvreurstraat",,,,way
"Hilaire De fauwstraat",,,,way
"Hippoliet Van Peenestraat",,,,way
Hoedenmakersstraat,,,,way
Hoefijzerlaan,,,,way
"Hof Campers",,,,way
Hofdamesstraat,,,,way
Hofmeierlaan,,,,way
Hofschenkerstraat,,,,way
"Hoge Hul",,,,way
"Hoge Lane",,,,way
Hogeweg,,,,way
Holleweg,,,,way
"Hoog Brabantlaan",,,,way
"Hoogste van Brugge",,,,way
Hoogstraat,,,,way
Hoogstuk,,,,way
Hooistraat,,,,way
Hoornstraat,,,,way
Hoppestraat,,,,way
Hortensiastraat,,,,way
Houthulststraat,,,,way
Houtkaai,,,,way
Houtzagerijstraat,,,,way
Hovenierslanden,,,,way
Hoveniersstraat,,,,way
"Hubrecht De Croockstraat",,,,way
Huidenvettersplein,,,,way
Hulkstraat,,,,way
IJzerland,,,,way
IJzerstraat,,,,way
Iepenlaan,,,,way
Ieperleet,,,,way
Ieperstraat,,,,way
"Inrit 2",,,,way
Invalidenstraat,,,,way
Irisstraat,,,,way
Jachtveldstraat,,,,way
Jagersdreef,,,,way
Jagerspad,,,,way
Jagersstraat,,,,way
"Jakob Moermanstraat",,,,way
"Jakob Reyvaertstraat",,,,way
"Jan Garemijnstraat",,,,way
"Jan Lernoutstraat",,,,way
Jasmijnstraat,,,,way
"John F. Kennedyplein",,,,way
"Joseph De Smetstraat",,,,way
"Josué Maertenstraat",,,,way
"Jozef Verschaveweg",,,,way
"Juliaan Vandepitteplein",,,,way
Kalkovenstraat,,,,way
Kalsijde-Ader,,,,way
Kamerheerstraat,,,,way
Kammakersstraat,,,,way
Kamperfoeliestraat,,,,way
Kandelaarstraat,,,,way
Kanselierlaan,,,,way
Kantwerkstersplein,,,,way
"Kanunnik Andriesstraat",,,,way
"Kanunnik Decoeneplein",,,,way
"Kanunnik Duhamellaan",,,,way
Kapelaanstraat,,,,way
Kapelstuk,,,,way
Kapelweg,,,,way
"Kapitein Fryattstraat",,,,way
Kaproenenhof,,,,way
"Kardinaal Cardijnstraat",,,,way
"Karel Cartonstraat",,,,way
"Karel Custisstraat",,,,way
Kartuizerinnenstraat,,,,way
Kartuizersmeers,,,,way
Kartuizersstraat,,,,way
Kastanjelaan,,,,way
Kasteeldreef,,,,way
Kasteelhoevestraat,,,,way
Kasteelstraat,,,,way
Kasteleinweg,,,,way
Katelijnebrug,,,,way
Katelijnevest,,,,way
Kazernevest,,,,way
Keersstraat,,,,way
Kegelschoolstraat,,,,way
Keizerstraat,,,,way
Kelkstraat,,,,way
Kemelstraat,,,,way
Kerkdreef,,,,way
Kerkebeekpad,,,,way
Kerkhofblommenstraat,,,,way
Kerkhofstraat,,,,way
Kerklaan,,,,way
Kersenboomstraat,,,,way
Kervyndreef,,,,way
Ketsbruggestraat,,,,way
Keurlingenweg,,,,way
Kielbankstraat,,,,way
Kievitstraat,,,,way
Kipstraat,,,,way
Klauwijzerstraat,,,,way
"Kleine Blekkaard",,,,way
"Kleine Heilige-Geeststraat",,,,way
"Kleine Hertsbergestraat",,,,way
"Kleine Hoedenmakersstraat",,,,way
"Kleine Hoefijzerstraat",,,,way
"Kleine Kerkhofstraat",,,,way
"Kleine Kuipersstraat",,,,way
"Kleine Moerstraat",,,,way
"Kleine Molenstraat",,,,way
"Kleine Monnikenwerve",,,,way
"Kleine Nieuwstraat",,,,way
"Kleine Pathoekeweg",,,,way
"Kleine Sint-Amandsstraat",,,,way
"Kleine Sint-Jansstraat",,,,way
"Kleine Smulstraat",,,,way
Kleineweg,,,,way
Klerkenstraat,,,,way
Klokstraat,,,,way
Klompenmakersstraat,,,,way
Kloostermuur,,,,way
Kloosterveld,,,,way
Kloppersweg,,,,way
Kluppelmeers,,,,way
Knoksebaan,,,,way
Koeiendreef,,,,way
Koestraat,,,,way
Koetelwijk,,,,way
Kolvestraat,,,,way
Kommekenstraat,,,,way
Komvest,,,,way
Konfijtstraat,,,,way
Kongostraat,,,,way
Konijnenpad,,,,way
Konijnenpijp,,,,way
Koningstraat,,,,way
Kooidam,,,,way
Kooidreef,,,,way
Koolbranderstraat,,,,way
Koolkerkesteenweg,,,,way
"Koolkerkse Steenweg",,,,way
"Koolkerkse Wegel",,,,way
Koolstuk,,,,way
Koopmansstraat,,,,way
Kopstraat,,,,way
Korendragersstraat,,,,way
"Korte Blekerstraat",,,,way
"Korte Dwarsstraat",,,,way
"Korte Fortuinstraat",,,,way
"Korte Gotevlietstraat",,,,way
"Korte Lane",,,,way
"Korte Molenstraat",,,,way
"Korte Raamstraat",,,,way
"Korte Ridderstraat",,,,way
"Korte Ropeerdstraat",,,,way
"Korte Speelmansstraat",,,,way
"Korte Sportstraat",,,,way
"Korte Vesting",,,,way
"Korte Vooruitgangstraat",,,,way
"Korte Vuldersstraat",,,,way
"Korte Zilverstraat",,,,way
"Korte weg",,,,way
Kortebrugge,,,,way
Kortewinkel,,,,way
Kosterijstraat,,,,way
Koude-Keukenstraat,,,,way
Koudemarkt,,,,way
Kraaiendreef,,,,way
Kraaienhof,,,,way
Kraanplein,,,,way
Kraanrei,,,,way
Krakeleweg,,,,way
Krakkestraat,,,,way
Kranenburg,,,,way
Krekenstraat,,,,way
Kreupelbos,,,,way
Kreupelenstraat,,,,way
Kriekenstraat,,,,way
Krinkelpad,,,,way
Krinkelstraat,,,,way
"Krom Genthof",,,,way
Krommestraat,,,,way
Kroonstraat,,,,way
Kroosmeers,,,,way
Kruiersstraat,,,,way
Kruipuit,,,,way
Kruisabelestraat,,,,way
Kruisboogstraat,,,,way
Kruispoortbrug,,,,way
Kruisvest,,,,way
Kruitenbergstraat,,,,way
Kuipersstraat,,,,way
Kustlaan,,,,way
Kwarteldreef,,,,way
Kwekersstraat,,,,way
Lagebekeweg,,,,way
"Lanceloot Blondeellaan",,,,way
Landjuwelenstraat,,,,way
Landslag,,,,way
Landvoogdlaan,,,,way
Lane,,,,way
"Lange Molenstraat",,,,way
"Lange Muntstraat",,,,way
"Lange Raamstraat",,,,way
"Lange Vesting",,,,way
Langerei,,,,way
Lappersfortstraat,,,,way
Laurierenhof,,,,way
Leemputstraat,,,,way
Leemputten,,,,way
Leenhof,,,,way
Leenhofweg,,,,way
Leenweg,,,,way
Leestenburg,,,,way
Leeuwerikstraat,,,,way
Leffingestraat,,,,way
"Lege Moerstraat",,,,way
Legeweg,,,,way
Leikendreef,,,,way
Leiseleveld,,,,way
Leliestraat,,,,way
Lendestraat,,,,way
Lentepad,,,,way
Lentestraat,,,,way
Leopoldsvaart-Noord,,,,way
Lettenburgweg,,,,way
"Lieven Bauwensstraat",,,,way
Lijsterbeekstraat,,,,way
Lijsterstraat,,,,way
Lindelaan,,,,way
Lindenlaan,,,,way
"Lisseweegs Opperhof",,,,way
"Lisseweegs Vaartje",,,,way
"Lisseweegse Steenweg",,,,way
Lisstraat,,,,way
Lobbrechtstraat,,,,way
"Lodewijk Gilliodtsplein",,,,way
Loodswezenstraat,,,,way
"Lopez Gallostraat",,,,way
Loppemstraat,,,,way
Lorkendreef,,,,way
Lorreinendreef,,,,way
Lorreinenhoek,,,,way
Lorreinenstuk,,,,way
"Louis de Meystraat",,,,way
"Louis de Potterstraat",,,,way
Loweideweg,,,,way
"Loweideweg / Looweideweg",,,,way
Luikstraat,,,,way
Maagdendal,,,,way
Maagdenstraat,,,,way
Maaibilk,,,,way
Maalderijstraat,,,,way
"Maalse Steenweg",,,,way
Magdalenapad,,,,way
Malegalgstraat,,,,way
Malehoeklaan,,,,way
Malelatenstraat,,,,way
Maleveld,,,,way
Mallebergplaats,,,,way
Mantelstuk,,,,way
"Marcus Gerardsstraat",,,,way
"Margareta van Vlaanderenstraat",,,,way
Mariabrug,,,,way
"Marianne van Outryveweg",,,,way
"Marie Pintelonstraat",,,,way
Mariënhovedreef,,,,way
Markgraafstraat,,,,way
Markiesstraat,,,,way
Markt,,,,relation+way
Marktplein,,,,relation+way
Marktstraat,,,,way
Matmeers,,,,way
"Maurits Van Coppenollestraat",,,,way
Meersenstraat,,,,way
Meestraat,,,,way
Meeuwenstraat,,,,way
Meiveldenlaan,,,,way
Merelstraat,,,,way
Messem,,,,way
Meulestee,,,,way
Mexicostraat,,,,way
"Michel Van Hammestraat",,,,way
Middelburgstraat,,,,way
Minderbroedersstraat,,,,way
Minervaplein,,,,way
Minnewater,,,,way
Minnewaterbrug,,,,way
Minnewaterparkbrug,,,,way
Minnezangerlaan,,,,way
Mispelaar,,,,way
Mispelbilk,,,,way
Moerdreve,,,,way
Moerkerkestraat,,,,way
"Moerkerkse Steenweg",,,,way
Moerstraat,,,,way
Molenakker,,,,way
Molenijzer,,,,way
Molenmeers,,,,way
Molenroede,,,,way
Molenstraat,,,,way
Molenwallen,,,,way
Molenwiekstraat-Oost,,,,way
Molenwiekstraat-West,,,,way
Monnikenwerve,,,,way
Montpellier,,,,way
Morgensterdreef,,,,way
Mortierstraat,,,,way
Moutstraat,,,,way
Muizenoorstraat,,,,way
Muntplein,,,,way
Naaldenstraat,,,,way
Nachtegaalstraat,,,,way
Nachtegalendreef,,,,way
Neststraat,,,,way
"New Yorklaan",,,,way
"Nicolaus Muleriusstraat",,,,way
"Nieuwe Gentweg",,,,way
"Nieuwe groenestraat",,,,way
Nieuwenhove,,,,way
Nieuwstraat,,,,way
Nijverheidsstraat,,,,way
Noordbruggestraat,,,,way
Noorderboomgaard,,,,way
Noordhinderstraat,,,,way
Noordreiestraat,,,,way
Noordsterstraat,,,,way
Noordstraat,,,,way
Noordveldstraat,,,,way
Noordzandstraat,,,,way
Noordzeestraat,,,,way
"Noorweegse Kaai",,,,way
Odegemstraat,,,,way
Oliebaan,,,,way
Oliemolenstraat,,,,way
Olmendreef,,,,way
Olympialaan,,,,way
Omookaai,,,,way
"Onder de Toren",,,,way
Ontmijnerslaan,,,,way
Ontvangersstraat,,,,way
Onze-Lieve-Vrouwekerkhof-zuid,,,,way
Oorlogsvrijwilligerslaan,,,,way
Oosterlingenplein,,,,way
Oostkerkestraat,,,,way
Oostmeers,,,,way
Oostproostse,,,,way
Oostzeestraat,,,,way
Opkensstraat,,,,way
Oranjeboomstraat,,,,way
Orchideeënlaan,,,,way
Ossenstraat,,,,way
Oud-Strijderslaan,,,,way
"Oude Burg",,,,way
"Oude Gentweg",,,,way
"Oude Herdersbrug",,,,way
"Oude Hoogweg",,,,way
"Oude Kortrijkstraat",,,,way
"Oude Oostendse Steenweg",,,,way
"Oude Pastoriestraat",,,,way
"Oude Zak",,,,way
"Oude Zomerstraat",,,,way
"Oude Zwinstraat",,,,way
Oudekerkstraat,,,,way
"Over de Vaartbeek",,,,way
Paalbos,,,,way
Paallandenstraat,,,,way
Paalstraat,,,,way
"Pad Zevenbergen",,,,way
Palmstraat,,,,way
Pandreitje,,,,way
Pannebekestraat,,,,way
Pannenhuisstraat,,,,way
Papegaaistraat,,,,way
Paradijsstraat,,,,way
Park,,,,way
"Park De Rode Poort",,,,way
Parklaan,,,,way
"Pastoor Verhaegheplein",,,,way
Pastoriestraat,,,,way
Pastorieweg,,,,way
Patentestraat,,,,way
"Paul de Halleuxstraat",,,,way
Pauverleutestraat,,,,way
Pauwstraat,,,,way
Peelaertplein,,,,way
Peerdenstraat,,,,way
Pelderijnstraat,,,,way
Peraltastraat,,,,way
Pestelstraat,,,,way
Petegemstraat,,,,way
Peterseliestraat,,,,way
Philipstockstraat,,,,way
"Pierre Debautstraat",,,,way
Pierssensdreef,,,,way
"Pieter Corneilliestraat",,,,way
Pijpenstrostraat,,,,way
Pijpersstraat,,,,way
Pijpeweg,,,,way
Pinksterbloemmeers,,,,way
Pioenstraat,,,,way
Pitsenbosdreef,,,,way
Planetenpad,,,,way
Platanendreef,,,,way
Pletsteen,,,,way
Ploegstraat,,,,way
Poitevinstraat,,,,way
"Pol Dhondtstraat",,,,way
Polderbos,,,,way
Polderhoeklaan,,,,way
Polderstraat,,,,way
Polderweg,,,,way
Poortersstraat,,,,way
Populierendreef,,,,way
Potagierstraat,,,,way
Potentestraat,,,,way
Pottenmakersstraat,,,,way
Potterierei,,,,way
Praterstraat,,,,way
Predikherenrei,,,,way
Predikherenstraat,,,,way
"Prins Albertstraat",,,,way
"Prins Karellaan",,,,way
Prinsenhof,,,,way
Puienbroeklaan,,,,way
Raadsherenlaan,,,,way
Raamstraat,,,,way
Raboudenburgstraat,,,,way
Rademakersstraat,,,,way
Ramskapellestraat,,,,way
Rapaertstraat,,,,way
Rederskaai,,,,way
Refugestraat,,,,way
Reigersnesten,,,,way
Reingaardsvliet,,,,way
Rennersweg,,,,way
Rentmeesterlaan,,,,way
Reudengoedstraat,,,,way
Ridderstraat,,,,way
Riethuisstraat,,,,way
Rietlaan,,,,way
Rietzangerstraat,,,,way
Rijkepijndersstraat,,,,way
Rijkeveldestraat,,,,way
Robijnstraat,,,,way
"Robrecht van Vlaanderenlaan",,,,way
Rockallstraat,,,,way
Rode-Haanstraat,,,,way
Rode-Poortstraat,,,,way
Rodenonnenstraat,,,,way
Rodestraat,,,,way
Rolklaverstraat,,,,way
Rolweg,,,,way
Romboudstraat,,,,way
"Rombout de Dopperestraat",,,,way
"Rond den Heerdstraat",,,,way
"Rondsaartstraat - Ronselarestraat",,,,way
Ronsaardbekestraat,,,,way
Ronselarestraat,,,,way
Rooigem,,,,way
Roompotstraat,,,,way
Ropeerdstraat,,,,way
Roskamweg,,,,way
Rozendal,,,,way
Rozenhoedkaai,,,,way
Ruddershove,,,,way
Ruitersweg,,,,way
Rustenburgstraat,,,,way
Ryckevelde,,,,way
"Saint George's Day-Wandeling",,,,way
Sarepta,,,,way
Sashuisbrug,,,,way
Sasplein,,,,way
Schaakstraat,,,,way
Schaapsgras,,,,way
Schaarstraat,,,,way
Scharphoutstraat,,,,way
Scheepsdalelaan,,,,way
Schepenbankstraat,,,,way
Scheurestraat,,,,way
Schijfstraat,,,,way
Schildknaaplaan,,,,way
Schoolstraat,,,,way
Schottinnenstraat,,,,way
Schoutstraat,,,,way
Schouwvegersstraat,,,,way
Schrijversstraat,,,,way
Schutterstraat,,,,way
Sikkelstraat,,,,way
"Simon Benningstraat",,,,way
Singel,,,,way
"Sint Jansplein",,,,relation
Sint-Amandsstraat,,,,way
Sint-Andriesdreef,,,,way
Sint-Baafskerkstraat,,,,way
Sint-Baafsstraat,,,,way
Sint-Brunostraat,,,,way
Sint-Claradreef,,,,way
Sint-Donaaskerkstraat,,,,way
Sint-Ewoudsstraat,,,,way
Sint-Gillisdorpstraat,,,,way
Sint-Gilliskerkhof,,,,way
Sint-Gilliskerkstraat,,,,way
Sint-Gilliskoorstraat,,,,way
Sint-Godelievedreef,,,,way
Sint-Hubrechtsmolenstraat,,,,way
Sint-Jakobsplein,,,,way
"Sint-Jan in de Meers",,,,way
Sint-Jansplein,,,,way
Sint-Jansstraat,,,,way
Sint-Jozefsplein,,,,way
Sint-Kristoffelstraat,,,,way
Sint-Kruisstraat,,,,way
Sint-Lenardsstraat,,,,way
Sint-Lucaslaan,,,,way
Sint-Maartenplein,,,,way
Sint-Maartensplein,,,,way
Sint-Michielsestraat,,,,way
Sint-Niklaasstraat,,,,way
Sint-Obrechtsstraat,,,,way
Sint-Pieterskaai,,,,way
Sint-Pietersstatiedreef,,,,way
Sint-Pietersstraat,,,,way
Sint-Salvatorskerkhof,,,,way
Sint-Sebastiaansstraat,,,,way
"Site Oud Sint-Jan",,,,way
Sledestraat,,,,way
Sluisstraat,,,,way
Smallestraat,,,,way
Smedenpoort,,,,way
Smedenstraat,,,,way
Smulstraat,,,,way
Snaggaardstraat,,,,way
Sneppendreef,,,,way
"Spaanse Loskaai",,,,way
Spanjaardstraat,,,,way
Sparrenstraat,,,,way
Spastraat,,,,way
Speelmansrei,,,,way
Speelmansstraat,,,,way
Speelpleinlaan,,,,way
Speistraat,,,,way
Speyenstraat,,,,way
Spiegelrei,,,,way
Spijkersdreef,,,,way
Spijkerswegel,,,,way
Spikkelboorstraat,,,,way
Spoorwegstraat,,,,way
Sportstraat,,,,way
Spreeuwenstraat,,,,way
Sprietwegestraat,,,,way
Staakstraat,,,,way
Stalijzerstraat,,,,way
Stalmeesterstraat,,,,way
Stampkotstraat,,,,way
Stapelvoorde,,,,way
Stationslaan,,,,way
Stationsplein,,,,way
Stationsstraat,,,,way
Stationsweg,,,,way
Steenhouwersdijk,,,,way
Steenkaai,,,,way
Steenstraat,,,,way
Steentje,,,,way
"Stella Marisstraat",,,,way
Sterstraat,,,,way
Stoelstraat,,,,way
Stokerij,,,,way
Stokerstraat,,,,way
Stokveldelaan,,,,way
Stokveldepad,,,,way
Stokveldewijk,,,,way
Stoofstraat,,,,way
Stoppelbilk,,,,way
Strobrug,,,,way
Strostraat,,,,way
Struikheide,,,,way
Stuivenbergstraat,,,,way
Sulferbergstraat,,,,way
Tempelhof,,,,way
"Ten Bergeweg",,,,way
"Ten Boomgaard",,,,way
"Ten Briele",,,,way
"Ten Hove",,,,way
"Ten Putte",,,,way
"Ten Walle",,,,way
"Ten Wallestraat",,,,way
"Ter Beke",,,,way
"Ter Bollestraat",,,,way
"Ter Doestdreef",,,,way
"Ter Doeststraat",,,,way
"Ter Heide",,,,way
"Ter Lake",,,,way
"Ter Lindehof",,,,way
"Ter Lo",,,,way
"Ter Looigemweg",,,,way
"Ter Lucht",,,,way
"Ter Pannestraat",,,,way
"Ter Steeghere",,,,way
"Ter Straten",,,,way
"Ter Woestijne",,,,way
"Ter Zale",,,,way
"Ter Zwanekerke",,,,way
Terpenstraat,,,,way
Tijdokstraat,,,,way
Tillegempark,,,,way
Tillegemstraat,,,,way
Timmermansstraat,,,,way
Titecastraat,,,,way
"Toegang 5",,,,way
"Toegang 6",,,,way
"Toegang 7",,,,way
"Toegang 8",,,,way
Toekomststraat,,,,way
Torenbrug,,,,way
Torhoutsesteenweg,,,,way
Tornooistraat,,,,way
Tragelweg,,,,way
Truwelstraat,,,,way
Tuinfluiterstraat,,,,way
Tuiniersstraat,,,,way
Tuinstraat,,,,way
Twijnstraat,,,,way
Uitkerkestraat,,,,way
Unescorotonde,,,,way
Vaartbekeweg,,,,way
Vaartdijk,,,,way
"Vaartdijk Noord",,,,way
"Vaartdijk Zuid",,,,way
Vaartdijkstraat,,,,way
Vagevuurstraat,,,,way
"Valerius de Saedeleerpad",,,,way
Valkenbosdreef,,,,way
"Van Leeg tot Zand",,,,way
"Van Mullemstraat",,,,way
"Van Steenestraat",,,,way
"Van Voldenstraat",,,,way
Vaneweg,,,,way
Varenslaan,,,,way
Veerbootstraat,,,,way
Veeweide,,,,way
Veldbiesstraat,,,,way
Veldhoendreef,,,,way
Veldstraat,,,,way
Veltemweg,,,,way
Venetiëstraat,,,,way
Venkelstraat,,,,way
Verbindingsbrug,,,,way
"Verbrand Nieuwland",,,,way
Verse-Vaartstraat,,,,way
Verversdijk,,,,way
Vestingstraat,,,,way
"Vette Vischpoort",,,,way
"Vier Uitersten",,,,way
Vier-Heemskinderenstraat,,,,way
Vieringstraat,,,,way
"Vijf Ringenstraat",,,,way
Vijverhoflaan,,,,way
Vijvers,,,,way
Vijversgracht,,,,way
"Vincent Doensstraat",,,,way
Vinkenplein,,,,way
Vinkenstraat,,,,way
Violierstraat,,,,way
Vismarkt,,,,way
Vismijnstraat,,,,way
Vissersstraat,,,,way
Visspaanstraat,,,,way
Vizierstraat,,,,way
Vlakkaard,,,,way
Vlamingdam,,,,way
Vlamingstraat,,,,way
Vogelzang,,,,way
Vogelzangdreef,,,,way
Vondelstraat,,,,way
Voorslag,,,,way
Vooruitgangstraat,,,,way
Vorkstraat,,,,way
"Vos Reinaartstraat",,,,way
Vossenslag,,,,way
Vossensteert,,,,way
Vredestraat,,,,way
Vriezeganzenstraat,,,,way
Vrijdagmarkt,,,,way
Vrijheidsstraat,,,,way
Vuldersreitje,,,,way
Vuldersstraat,,,,way
Vuurkruisenlaan,,,,way
Waalsestraat,,,,way
Wagenaarstraat,,,,way
Wagenbruggelaan,,,,way
Wagenmakersstraat,,,,way
Waggelwater,,,,way
Waggelwaterstraat,,,,way
Wagnerstraat,,,,way
Walakker,,,,way
Walbrug,,,,way
"Walburga Vansteenlandtstraat",,,,way
Walletje,,,,way
Walplein,,,,way
Walraetstraat,,,,way
"Walram Romboudtstraat",,,,way
Walstraat,,,,way
Walstrostraat,,,,way
Walweinstraat,,,,way
Wandelaarstraat,,,,way
Wantestraat,,,,way
Wapenmakersstraat,,,,way
Warande,,,,way
Warandebrug,,,,way
Warmoezeniersstraat,,,,way
Warrenplein,,,,way
Watergang,,,,way
Waterhofstedestraat,,,,way
Watervlietstraat,,,,way
Watteeuwstraat,,,,way
Wederikmeers,,,,way
Weeldestuk,,,,way
Weidebekestraat,,,,way
Weidestraat,,,,way
Weinebruggelaan,,,,way
Welvaartstraat,,,,way
Werfkaai,,,,way
Werfplein,,,,way
Werfstraat,,,,way
Werkhuisstraat,,,,way
Westhinderstraat,,,,way
"Westkapelse Steenweg",,,,way
Westmeers,,,,way
Wevershof,,,,way
Wiedauwbos,,,,way
Wielingenstraat,,,,way
Wiermeers,,,,way
Wijnenburgstraat,,,,way
Wijngaardbrug,,,,way
Wijngaardplein,,,,way
Wijngaardstraat,,,,way
Wijnzakstraat,,,,way
Wildekastanjestraat,,,,way
Wilgenboomstraat,,,,way
Wilgenroosstraat,,,,way
Wilgenwad,,,,way
Willemijnplantsoen,,,,way
"Witte Beerstraat",,,,way
"Witte Mereldreef",,,,way
"Witte Molenstraat",,,,way
Wittebankstraat,,,,way
Witteleertouwersstraat,,,,way
Wittemereldreef,,,,way
Wittemolenstraat,,,,way
Woensdagmarkt,,,,way
Wolfsklauwstraat,,,,way
Wollestraat,,,,way
"Woudweg naar Loppem",,,,way
Wulfsberge,,,,way
Wulgenbroekstraat,,,,way
Wulpenstraat,,,,way
Xaverianenstraat,,,,way
Zagersweg,,,,way
Zakske,,,,way
Zandberg,,,,way
Zandrietpad,,,,way
Zandstraat,,,,way
Zandtiende,,,,way
Zeebruggelaan,,,,way
Zeedijk,,,,way
"Zeedijk - Heist",,,,way
"Zeedijk Heist",,,,way
Zeegeulstraat,,,,way
Zeekanaalweg,,,,way
Zeelaan,,,,way
Zeemansstraat,,,,way
Zeepziederijstraat,,,,way
Zeesluisstraat,,,,way
Zeeweg,,,,way
Zevekotedreef,,,,way
Zevenbergenlaan,,,,way
Zevenkerken,,,,way
Zilverberkenstraat,,,,way
Zilverpand,,,,way
Zilversparrenstraat,,,,way
Zilversteeg,,,,way
Zilverstraat,,,,way
"Zoete Inval",,,,way
Zoete-Vaartstraat,,,,way
Zomerlindestraat,,,,way
Zomerstraat,,,,way
Zonnekemeers,,,,way
"Zuidelijke Kruispoortbrug",,,,way
Zuiderakker,,,,way
Zuiderboomgaard,,,,way
Zuidervaartje,,,,way
Zuidveldstraat,,,,way
Zuidzandstraat,,,,way
Zuienkerkestraat,,,,way
Zustersstraat,,,,way
Zwaanhofstraat,,,,way
Zwanehoek,,,,way
Zwanestuk,,,,way
Zwankendammestraat,,,,way
"Zwarte Leertouwersstraat",,,,way
Zwiersweg,,,,way
Zwijnstraat,,,,way
